{"Temperature": 35.046875, "Humidity": 44.8203125, "Pressure": 613.02880859375, "roll": 14.999213882641115, "pitch": 29.99842776528223, "yaw": 44.99764164792335, "xaxis": 0, "yaxis": 0, "buttonpressed": 0}